sample_id,row,col,revealed_at,committed_class,commit_prob,solvable
0,0,0,95,0,1.0,1
0,0,1,61,0,1.0,1
0,0,2,10,0,1.0,1
0,0,3,19,0,1.0,1
0,0,4,90,0,1.0,1
0,0,5,69,0,1.0,1
0,0,6,22,0,1.0,1
0,0,7,1,0,1.0,1
0,0,8,75,0,1.0,1
0,0,9,50,0,1.0,1
0,1,0,6,0,1.0,1
0,1,1,62,1,0.98691,1
0,1,2,31,1,0.60933,1
0,1,3,96,1,0.98793,1
0,1,4,36,0,0.53135,1
0,1,5,68,0,1.0,1
0,1,6,70,0,1.0,1
0,1,7,21,0,0.98961,1
0,1,8,54,0,1.0,1
0,1,9,14,0,1.0,1
0,2,0,47,0,1.0,1
0,2,1,40,3,0.13245,1
0,2,2,97,3,0.96072,1
0,2,3,59,4,0.287,1
0,2,4,64,0,0.70615,1
0,2,5,46,0,0.99672,1
0,2,6,17,0,0.90262,1
0,2,7,11,0,0.81181,1
0,2,8,49,0,1.0,1
0,2,9,60,0,1.0,1
0,3,0,53,0,1.0,1
0,3,1,25,1,0.71347,1
0,3,2,4,4,0.08073,1
0,3,3,99,1,0.99974,1
0,3,4,16,0,0.66906,1
0,3,5,13,0,0.64761,1
0,3,6,39,0,0.99822,1
0,3,7,63,0,1.0,1
0,3,8,3,0,0.89189,1
0,3,9,98,0,1.0,1
0,4,0,66,0,1.0,1
0,4,1,51,1,0.72907,1
0,4,2,85,3,0.99858,1
0,4,3,80,1,0.96758,1
0,4,4,30,1,0.12138,1
0,4,5,79,0,0.98437,1
0,4,6,88,0,1.0,1
0,4,7,8,0,0.90669,1
0,4,8,2,0,0.52626,1
0,4,9,92,0,1.0,1
0,5,0,37,0,1.0,1
0,5,1,52,1,0.53223,1
0,5,2,84,4,0.25252,1
0,5,3,76,1,0.90777,1
0,5,4,34,0,0.54532,1
0,5,5,48,0,0.99645,1
0,5,6,43,0,0.99775,1
0,5,7,57,0,1.0,1
0,5,8,87,0,1.0,1
0,5,9,56,0,1.0,1
0,6,0,82,0,1.0,1
0,6,1,32,1,0.65824,1
0,6,2,26,1,0.48425,1
0,6,3,74,3,0.99468,1
0,6,4,18,2,0.02074,1
0,6,5,89,0,0.99734,1
0,6,6,73,0,0.99973,1
0,6,7,77,0,1.0,1
0,6,8,5,0,0.87388,1
0,6,9,38,0,1.0,1
0,7,0,33,0,1.0,1
0,7,1,91,4,0.99997,1
0,7,2,9,1,0.32851,1
0,7,3,67,1,0.51001,1
0,7,4,42,0,0.82574,1
0,7,5,86,0,0.99995,1
0,7,6,55,0,0.99943,1
0,7,7,65,0,0.99999,1
0,7,8,81,0,1.0,1
0,7,9,41,0,1.0,1
0,8,0,0,0,1.0,1
0,8,1,83,0,0.07891,1
0,8,2,7,1,0.5024,1
0,8,3,58,1,0.64781,1
0,8,4,71,0,0.68971,1
0,8,5,35,0,0.89302,1
0,8,6,28,0,0.84426,1
0,8,7,78,0,1.0,1
0,8,8,20,0,0.85771,1
0,8,9,94,0,1.0,1
0,9,0,12,0,1.0,1
0,9,1,45,0,1.0,1
0,9,2,72,0,1.0,1
0,9,3,93,0,1.0,1
0,9,4,44,0,1.0,1
0,9,5,29,0,1.0,1
0,9,6,15,0,1.0,1
0,9,7,27,0,1.0,1
0,9,8,23,0,1.0,1
0,9,9,24,0,1.0,1
25,0,0,58,0,1.0,1
25,0,1,12,0,1.0,1
25,0,2,33,0,1.0,1
25,0,3,4,0,1.0,1
25,0,4,48,0,1.0,1
25,0,5,94,0,1.0,1
25,0,6,44,0,1.0,1
25,0,7,89,0,1.0,1
25,0,8,11,0,1.0,1
25,0,9,67,0,1.0,1
25,1,0,29,0,1.0,1
25,1,1,86,0,1.0,1
25,1,2,47,0,0.99801,1
25,1,3,72,0,1.0,1
25,1,4,75,0,1.0,1
25,1,5,83,0,1.0,1
25,1,6,52,0,0.10764,1
25,1,7,46,1,0.16787,1
25,1,8,23,0,0.61584,1
25,1,9,70,0,1.0,1
25,2,0,39,0,1.0,1
25,2,1,6,0,0.64329,1
25,2,2,93,0,1.0,1
25,2,3,31,0,0.97389,1
25,2,4,15,0,0.7338,1
25,2,5,53,0,0.75194,1
25,2,6,71,1,0.81781,1
25,2,7,30,1,0.14403,1
25,2,8,66,0,0.62247,1
25,2,9,56,0,1.0,1
25,3,0,80,0,1.0,1
25,3,1,26,0,0.98995,1
25,3,2,92,0,1.0,1
25,3,3,97,0,1.0,1
25,3,4,49,0,0.95448,1
25,3,5,61,0,0.43941,1
25,3,6,57,4,0.09404,1
25,3,7,82,3,0.73897,1
25,3,8,74,1,0.45803,1
25,3,9,84,0,1.0,1
25,4,0,16,0,1.0,1
25,4,1,14,0,0.89456,1
25,4,2,65,0,1.0,1
25,4,3,85,0,1.0,1
25,4,4,54,0,0.86405,1
25,4,5,43,1,0.19142,1
25,4,6,5,1,0.38036,1
25,4,7,37,1,0.49788,1
25,4,8,90,0,0.53371,1
25,4,9,59,0,1.0,1
25,5,0,21,0,1.0,1
25,5,1,69,0,1.0,1
25,5,2,60,0,0.99999,1
25,5,3,77,0,1.0,1
25,5,4,50,0,0.94273,1
25,5,5,87,1,0.78378,1
25,5,6,38,3,0.35177,1
25,5,7,1,4,0.06485,1
25,5,8,51,0,0.56756,1
25,5,9,20,0,1.0,1
25,6,0,17,0,1.0,1
25,6,1,73,0,1.0,1
25,6,2,91,0,1.0,1
25,6,3,42,0,0.98005,1
25,6,4,41,0,0.93044,1
25,6,5,79,0,0.50573,1
25,6,6,62,1,0.66422,1
25,6,7,99,1,0.99985,1
25,6,8,98,0,0.84381,1
25,6,9,18,0,1.0,1
25,7,0,0,0,1.0,1
25,7,1,55,0,0.99962,1
25,7,2,81,0,0.99769,1
25,7,3,96,0,0.89218,1
25,7,4,22,0,0.31152,1
25,7,5,28,4,0.05592,1
25,7,6,40,3,0.48187,1
25,7,7,36,3,0.53074,1
25,7,8,10,1,0.61646,1
25,7,9,78,0,1.0,1
25,8,0,3,0,1.0,1
25,8,1,63,0,1.0,1
25,8,2,7,0,0.49627,1
25,8,3,13,4,0.03969,1
25,8,4,32,1,0.92765,1
25,8,5,9,1,0.3502,1
25,8,6,45,1,0.84097,1
25,8,7,24,1,0.57673,1
25,8,8,68,2,0.32331,1
25,8,9,35,0,1.0,1
25,9,0,2,0,1.0,1
25,9,1,76,0,1.0,1
25,9,2,8,0,1.0,1
25,9,3,19,0,1.0,1
25,9,4,25,0,1.0,1
25,9,5,88,0,1.0,1
25,9,6,34,0,1.0,1
25,9,7,27,0,1.0,1
25,9,8,95,0,1.0,1
25,9,9,64,0,1.0,1
50,0,0,45,0,1.0,1
50,0,1,72,0,1.0,1
50,0,2,79,0,1.0,1
50,0,3,98,0,1.0,1
50,0,4,62,0,1.0,1
50,0,5,68,0,1.0,1
50,0,6,77,0,1.0,1
50,0,7,54,0,1.0,1
50,0,8,25,0,1.0,1
50,0,9,88,0,1.0,1
50,1,0,24,0,1.0,1
50,1,1,99,0,1.0,1
50,1,2,71,0,1.0,1
50,1,3,12,0,0.99712,1
50,1,4,1,0,0.53965,1
50,1,5,19,0,0.96898,1
50,1,6,89,0,1.0,1
50,1,7,17,0,0.65245,1
50,1,8,75,0,1.0,1
50,1,9,40,0,1.0,1
50,2,0,73,0,1.0,1
50,2,1,93,0,1.0,1
50,2,2,42,0,0.93805,1
50,2,3,39,0,0.9923,1
50,2,4,50,0,1.0,1
50,2,5,94,0,1.0,1
50,2,6,74,0,1.0,1
50,2,7,83,0,1.0,1
50,2,8,58,0,0.99931,1
50,2,9,87,0,1.0,1
50,3,0,76,0,1.0,1
50,3,1,52,0,0.99569,1
50,3,2,84,0,0.96687,1
50,3,3,13,0,0.995,1
50,3,4,8,0,0.81592,1
50,3,5,80,0,1.0,1
50,3,6,36,0,0.69702,1
50,3,7,32,0,0.58374,1
50,3,8,86,0,1.0,1
50,3,9,82,0,1.0,1
50,4,0,29,0,1.0,1
50,4,1,69,2,0.06875,1
50,4,2,90,1,0.99839,1
50,4,3,95,1,0.3389,1
50,4,4,97,0,0.96981,1
50,4,5,10,0,0.72991,1
50,4,6,26,1,0.37832,1
50,4,7,3,4,0.04748,1
50,4,8,78,0,0.91451,1
50,4,9,56,0,1.0,1
50,5,0,20,0,1.0,1
50,5,1,7,0,0.67453,1
50,5,2,81,3,0.89786,1
50,5,3,5,0,0.66187,1
50,5,4,57,0,0.9986,1
50,5,5,46,0,0.31788,1
50,5,6,60,1,0.94976,1
50,5,7,63,3,0.99998,1
50,5,8,47,0,0.87072,1
50,5,9,85,0,1.0,1
50,6,0,70,0,1.0,1
50,6,1,64,1,0.28173,1
50,6,2,41,1,0.54671,1
50,6,3,22,1,0.0453,1
50,6,4,27,3,0.07419,1
50,6,5,49,1,0.94571,1
50,6,6,16,4,0.06825,1
50,6,7,14,1,0.57385,1
50,6,8,37,0,0.43196,1
50,6,9,0,0,1.0,1
50,7,0,59,0,1.0,1
50,7,1,66,1,0.97855,1
50,7,2,65,1,0.23451,1
50,7,3,18,0,0.27129,1
50,7,4,21,0,0.2793,1
50,7,5,91,1,0.9875,1
50,7,6,33,1,0.54883,1
50,7,7,11,0,0.04177,1
50,7,8,30,0,0.48916,1
50,7,9,15,0,1.0,1
50,8,0,61,0,1.0,1
50,8,1,53,1,0.42067,1
50,8,2,44,3,0.17168,1
50,8,3,6,1,0.65118,1
50,8,4,34,1,0.90129,1
50,8,5,2,4,0.1044,1
50,8,6,92,4,0.99939,1
50,8,7,4,1,0.68045,1
50,8,8,35,0,0.36216,1
50,8,9,28,0,1.0,1
50,9,0,55,0,1.0,1
50,9,1,48,0,1.0,1
50,9,2,43,0,1.0,1
50,9,3,51,0,1.0,1
50,9,4,9,0,1.0,1
50,9,5,67,0,1.0,1
50,9,6,31,0,1.0,1
50,9,7,23,0,1.0,1
50,9,8,96,0,1.0,1
50,9,9,38,0,1.0,1
75,0,0,30,0,1.0,0
75,0,1,89,0,1.0,0
75,0,2,74,0,1.0,0
75,0,3,31,0,1.0,0
75,0,4,14,0,1.0,0
75,0,5,19,0,1.0,0
75,0,6,41,0,1.0,0
75,0,7,38,0,1.0,0
75,0,8,42,0,1.0,0
75,0,9,51,0,1.0,0
75,1,0,70,0,1.0,0
75,1,1,6,1,0.05167,0
75,1,2,3,0,0.44481,0
75,1,3,73,0,1.0,0
75,1,4,57,0,0.99986,0
75,1,5,72,0,0.99863,0
75,1,6,27,0,0.89875,0
75,1,7,45,0,0.60142,0
75,1,8,81,0,0.83878,0
75,1,9,85,0,1.0,0
75,2,0,84,0,1.0,0
75,2,1,44,1,0.90967,0
75,2,2,20,1,0.75987,0
75,2,3,46,0,0.82457,0
75,2,4,39,0,0.84735,0
75,2,5,77,0,0.98834,0
75,2,6,64,0,0.99575,0
75,2,7,82,0,0.98585,0
75,2,8,94,0,0.86393,0
75,2,9,28,0,1.0,0
75,3,0,97,0,1.0,0
75,3,1,8,1,0.87611,0
75,3,2,11,3,0.21475,0
75,3,3,86,1,0.2705,0
75,3,4,90,1,0.10426,0
75,3,5,61,1,0.2203,0
75,3,6,1,0,0.60778,0
75,3,7,32,1,0.44296,0
75,3,8,96,4,0.99998,0
75,3,9,52,0,1.0,0
75,4,0,53,0,1.0,0
75,4,1,49,1,0.8345,0
75,4,2,56,4,0.11382,0
75,4,3,35,1,0.65369,0
75,4,4,22,1,0.63427,0
75,4,5,50,1,0.82753,0
75,4,6,92,3,0.072,0
75,4,7,95,1,0.99961,0
75,4,8,34,2,0.03228,0
75,4,9,55,0,1.0,0
75,5,0,26,0,1.0,0
75,5,1,78,1,0.99994,0
75,5,2,9,1,0.40626,0
75,5,3,87,1,0.67583,0
75,5,4,98,1,0.80677,0
75,5,5,99,1,0.90118,0
75,5,6,37,0,0.17929,0
75,5,7,59,3,0.56591,0
75,5,8,67,1,0.36085,0
75,5,9,33,0,1.0,0
75,6,0,25,0,1.0,0
75,6,1,48,1,0.33159,0
75,6,2,12,0,0.34356,0
75,6,3,58,0,0.99469,0
75,6,4,15,0,0.57252,0
75,6,5,47,0,0.99813,0
75,6,6,2,0,0.59823,0
75,6,7,7,4,0.03722,0
75,6,8,66,3,0.08381,0
75,6,9,43,0,1.0,0
75,7,0,36,0,1.0,0
75,7,1,76,0,0.62674,0
75,7,2,71,0,0.97008,0
75,7,3,29,0,0.99493,0
75,7,4,63,0,0.97355,0
75,7,5,23,0,0.84932,0
75,7,6,17,0,0.44493,0
75,7,7,18,1,0.51306,0
75,7,8,10,1,0.77426,0
75,7,9,5,0,1.0,0
75,8,0,54,0,1.0,0
75,8,1,68,0,0.8064,0
75,8,2,16,0,0.90222,0
75,8,3,13,0,0.26503,0
75,8,4,65,0,0.84275,0
75,8,5,80,0,0.65822,0
75,8,6,4,4,0.11326,0
75,8,7,91,1,0.98481,0
75,8,8,21,1,0.91491,0
75,8,9,75,0,1.0,0
75,9,0,62,0,1.0,0
75,9,1,83,0,1.0,0
75,9,2,93,0,1.0,0
75,9,3,69,0,1.0,0
75,9,4,0,0,1.0,0
75,9,5,24,0,1.0,0
75,9,6,79,0,1.0,0
75,9,7,40,0,1.0,0
75,9,8,60,0,1.0,0
75,9,9,88,0,1.0,0
100,0,0,12,0,1.0,0
100,0,1,35,0,1.0,0
100,0,2,30,0,1.0,0
100,0,3,48,0,1.0,0
100,0,4,81,0,1.0,0
100,0,5,36,0,1.0,0
100,0,6,88,0,1.0,0
100,0,7,44,0,1.0,0
100,0,8,97,0,1.0,0
100,0,9,52,0,1.0,0
100,1,0,50,0,1.0,0
100,1,1,99,0,1.0,0
100,1,2,56,0,1.0,0
100,1,3,14,0,0.88353,0
100,1,4,26,0,0.99969,0
100,1,5,91,0,1.0,0
100,1,6,84,0,1.0,0
100,1,7,20,0,0.99443,0
100,1,8,27,0,1.0,0
100,1,9,62,0,1.0,0
100,2,0,19,0,1.0,0
100,2,1,32,0,0.99423,0
100,2,2,45,0,0.99455,0
100,2,3,86,0,1.0,0
100,2,4,15,0,0.98105,0
100,2,5,49,0,1.0,0
100,2,6,65,0,1.0,0
100,2,7,41,0,0.99998,0
100,2,8,23,0,0.99947,0
100,2,9,22,0,1.0,0
100,3,0,64,0,1.0,0
100,3,1,1,0,0.33087,0
100,3,2,59,0,0.98428,0
100,3,3,16,0,0.83925,0
100,3,4,5,0,0.61456,0
100,3,5,34,0,0.97137,0
100,3,6,42,0,0.99853,0
100,3,7,10,0,0.95338,0
100,3,8,74,0,1.0,0
100,3,9,43,0,1.0,0
100,4,0,2,0,1.0,0
100,4,1,8,1,0.30693,0
100,4,2,94,1,0.20101,0
100,4,3,55,0,0.60177,0
100,4,4,79,0,0.63981,0
100,4,5,58,0,0.83293,0
100,4,6,67,0,0.99985,0
100,4,7,66,0,1.0,0
100,4,8,37,0,0.99812,0
100,4,9,3,0,1.0,0
100,5,0,78,0,1.0,0
100,5,1,61,1,0.64048,0
100,5,2,0,4,0.06485,0
100,5,3,69,1,0.4514,0
100,5,4,13,1,0.30297,0
100,5,5,72,1,0.41941,0
100,5,6,93,0,0.64363,0
100,5,7,9,0,0.77764,0
100,5,8,83,0,1.0,0
100,5,9,85,0,1.0,0
100,6,0,75,0,1.0,0
100,6,1,40,1,0.69585,0
100,6,2,77,3,0.99135,0
100,6,3,82,3,0.99385,0
100,6,4,24,4,0.18408,0
100,6,5,76,1,0.27996,0
100,6,6,4,0,0.57004,0
100,6,7,90,0,1.0,0
100,6,8,21,0,0.93711,0
100,6,9,17,0,1.0,0
100,7,0,60,0,1.0,0
100,7,1,87,1,0.51862,0
100,7,2,98,3,0.99999,0
100,7,3,89,4,0.93187,0
100,7,4,7,3,0.21185,0
100,7,5,73,1,0.90054,0
100,7,6,11,0,0.6168,0
100,7,7,31,0,0.87419,0
100,7,8,33,0,0.95526,0
100,7,9,92,0,1.0,0
100,8,0,70,0,1.0,0
100,8,1,39,2,0.06783,0
100,8,2,96,4,0.99924,0
100,8,3,47,0,0.03663,0
100,8,4,71,0,0.06525,0
100,8,5,46,1,0.59232,0
100,8,6,95,0,0.87364,0
100,8,7,54,0,0.93321,0
100,8,8,51,0,0.90957,0
100,8,9,6,0,1.0,0
100,9,0,25,0,1.0,0
100,9,1,63,0,1.0,0
100,9,2,38,0,1.0,0
100,9,3,29,0,1.0,0
100,9,4,80,0,1.0,0
100,9,5,53,0,1.0,0
100,9,6,18,0,1.0,0
100,9,7,57,0,1.0,0
100,9,8,68,0,1.0,0
100,9,9,28,0,1.0,0
125,0,0,14,0,1.0,0
125,0,1,77,0,1.0,0
125,0,2,91,0,1.0,0
125,0,3,27,0,1.0,0
125,0,4,5,0,1.0,0
125,0,5,37,0,1.0,0
125,0,6,63,0,1.0,0
125,0,7,83,0,1.0,0
125,0,8,2,0,1.0,0
125,0,9,36,0,1.0,0
125,1,0,16,0,1.0,0
125,1,1,72,1,0.36824,0
125,1,2,43,0,0.38876,0
125,1,3,70,0,0.81376,0
125,1,4,78,1,0.3029,0
125,1,5,93,1,0.99989,0
125,1,6,67,4,0.29866,0
125,1,7,52,1,0.22031,0
125,1,8,46,0,0.62108,0
125,1,9,15,0,1.0,0
125,2,0,65,0,1.0,0
125,2,1,4,1,0.36016,0
125,2,2,95,3,0.99587,0
125,2,3,60,1,0.56556,0
125,2,4,9,3,0.14793,0
125,2,5,88,3,0.99492,0
125,2,6,23,1,0.39875,0
125,2,7,87,2,0.02763,0
125,2,8,96,0,0.98602,0
125,2,9,31,0,1.0,0
125,3,0,55,0,1.0,0
125,3,1,97,1,0.99991,0
125,3,2,90,1,0.82384,0
125,3,3,24,4,0.06047,0
125,3,4,59,1,0.64871,0
125,3,5,30,1,0.54423,0
125,3,6,38,0,0.21869,0
125,3,7,62,0,0.67765,0
125,3,8,44,0,0.73962,0
125,3,9,79,0,1.0,0
125,4,0,41,0,1.0,0
125,4,1,12,1,0.70403,0
125,4,2,11,0,0.48164,0
125,4,3,58,0,0.98648,0
125,4,4,45,0,0.96147,0
125,4,5,7,0,0.74719,0
125,4,6,1,0,0.6072,0
125,4,7,26,0,0.77707,0
125,4,8,98,0,1.0,0
125,4,9,99,0,1.0,0
125,5,0,25,0,1.0,0
125,5,1,42,1,0.87943,0
125,5,2,34,0,0.59411,0
125,5,3,89,0,1.0,0
125,5,4,8,0,0.68025,0
125,5,5,76,0,1.0,0
125,5,6,39,0,1.0,0
125,5,7,6,0,0.66786,0
125,5,8,74,0,1.0,0
125,5,9,80,0,1.0,0
125,6,0,29,0,1.0,0
125,6,1,22,1,0.76894,0
125,6,2,13,0,0.51656,0
125,6,3,10,0,0.66939,0
125,6,4,21,0,0.99117,0
125,6,5,56,0,1.0,0
125,6,6,18,0,0.82062,0
125,6,7,40,0,0.82829,0
125,6,8,33,0,0.59282,0
125,6,9,82,0,1.0,0
125,7,0,48,0,1.0,0
125,7,1,84,1,0.93731,0
125,7,2,51,0,0.49279,0
125,7,3,28,0,0.7111,0
125,7,4,50,1,0.23125,0
125,7,5,20,0,0.47567,0
125,7,6,61,1,0.48095,0
125,7,7,35,3,0.03737,0
125,7,8,68,4,0.99995,0
125,7,9,81,0,1.0,0
125,8,0,73,0,1.0,0
125,8,1,75,4,0.23331,0
125,8,2,47,1,0.93577,0
125,8,3,92,1,0.99984,0
125,8,4,0,1,0.48736,0
125,8,5,49,1,0.98365,0
125,8,6,71,1,0.94721,0
125,8,7,85,1,0.96575,0
125,8,8,19,1,0.42299,0
125,8,9,64,0,1.0,0
125,9,0,3,0,1.0,0
125,9,1,54,0,1.0,0
125,9,2,86,0,1.0,0
125,9,3,17,0,1.0,0
125,9,4,66,0,1.0,0
125,9,5,69,0,1.0,0
125,9,6,53,0,1.0,0
125,9,7,57,0,1.0,0
125,9,8,32,0,1.0,0
125,9,9,94,0,1.0,0
150,0,0,39,0,1.0,1
150,0,1,55,0,1.0,1
150,0,2,97,0,1.0,1
150,0,3,61,0,1.0,1
150,0,4,34,0,1.0,1
150,0,5,83,0,1.0,1
150,0,6,73,0,1.0,1
150,0,7,79,0,1.0,1
150,0,8,28,0,1.0,1
150,0,9,74,0,1.0,1
150,1,0,11,0,1.0,1
150,1,1,81,0,0.60677,1
150,1,2,76,0,0.8051,1
150,1,3,18,0,0.95067,1
150,1,4,19,0,0.86355,1
150,1,5,80,0,0.90993,1
150,1,6,91,0,0.90218,1
150,1,7,62,0,0.79766,1
150,1,8,38,0,0.53749,1
150,1,9,17,0,1.0,1
150,2,0,3,0,1.0,1
150,2,1,49,1,0.32529,1
150,2,2,14,0,0.65993,1
150,2,3,2,0,0.48463,1
150,2,4,13,1,0.18982,1
150,2,5,96,1,0.39027,1
150,2,6,58,1,0.37342,1
150,2,7,35,1,0.37086,1
150,2,8,43,1,0.55129,1
150,2,9,84,0,1.0,1
150,3,0,95,0,1.0,1
150,3,1,21,1,0.71583,1
150,3,2,50,3,0.3133,1
150,3,3,8,4,0.05963,1
150,3,4,67,1,0.7476,1
150,3,5,31,4,0.13025,1
150,3,6,78,4,0.54062,1
150,3,7,77,1,0.60494,1
150,3,8,5,1,0.28219,1
150,3,9,72,0,1.0,1
150,4,0,44,0,1.0,1
150,4,1,47,1,0.74169,1
150,4,2,0,3,0.11713,1
150,4,3,92,1,0.88322,1
150,4,4,93,1,0.99994,1
150,4,5,63,3,0.34699,1
150,4,6,98,1,0.99987,1
150,4,7,60,0,0.57348,1
150,4,8,10,1,0.81998,1
150,4,9,66,0,1.0,1
150,5,0,69,0,1.0,1
150,5,1,6,1,0.69396,1
150,5,2,99,3,1.0,1
150,5,3,29,0,0.87002,1
150,5,4,41,0,0.98982,1
150,5,5,24,0,0.90604,1
150,5,6,88,0,0.9963,1
150,5,7,52,1,0.36974,1
150,5,8,7,1,0.64819,1
150,5,9,20,0,1.0,1
150,6,0,9,0,1.0,1
150,6,1,26,1,0.78839,1
150,6,2,85,4,0.06528,1
150,6,3,37,0,0.99222,1
150,6,4,15,0,0.74356,1
150,6,5,94,0,1.0,1
150,6,6,42,0,0.84733,1
150,6,7,23,1,0.51536,1
150,6,8,25,1,0.81028,1
150,6,9,82,0,1.0,1
150,7,0,1,0,1.0,1
150,7,1,22,1,0.64081,1
150,7,2,36,0,0.35989,1
150,7,3,87,2,0.92581,1
150,7,4,65,1,0.17067,1
150,7,5,51,0,0.93882,1
150,7,6,71,0,0.97198,1
150,7,7,56,1,0.34697,1
150,7,8,53,1,0.81256,1
150,7,9,32,0,1.0,1
150,8,0,64,0,1.0,1
150,8,1,27,1,0.72466,1
150,8,2,75,1,0.55311,1
150,8,3,68,1,0.57373,1
150,8,4,54,1,0.14271,1
150,8,5,70,0,0.60677,1
150,8,6,46,0,0.26742,1
150,8,7,57,1,0.29907,1
150,8,8,16,1,0.55928,1
150,8,9,4,0,1.0,1
150,9,0,12,0,1.0,1
150,9,1,40,0,1.0,1
150,9,2,33,0,1.0,1
150,9,3,59,0,1.0,1
150,9,4,48,0,1.0,1
150,9,5,90,0,1.0,1
150,9,6,86,0,1.0,1
150,9,7,89,0,1.0,1
150,9,8,30,0,1.0,1
150,9,9,45,0,1.0,1
175,0,0,74,0,1.0,0
175,0,1,36,0,1.0,0
175,0,2,80,0,1.0,0
175,0,3,50,0,1.0,0
175,0,4,41,0,1.0,0
175,0,5,18,0,1.0,0
175,0,6,16,0,1.0,0
175,0,7,88,0,1.0,0
175,0,8,58,0,1.0,0
175,0,9,21,0,1.0,0
175,1,0,72,0,1.0,0
175,1,1,43,0,0.9998,0
175,1,2,76,0,1.0,0
175,1,3,73,0,0.98792,0
175,1,4,89,1,0.12958,0
175,1,5,75,1,0.55584,0
175,1,6,64,1,0.5352,0
175,1,7,39,1,0.48076,0
175,1,8,99,1,0.92772,0
175,1,9,57,0,1.0,0
175,2,0,24,0,1.0,0
175,2,1,9,0,0.82235,0
175,2,2,37,0,0.99966,0
175,2,3,90,0,1.0,0
175,2,4,6,0,0.42892,0
175,2,5,38,1,0.33852,0
175,2,6,77,1,0.21919,0
175,2,7,52,1,0.52088,0
175,2,8,71,4,0.1684,0
175,2,9,26,0,1.0,0
175,3,0,68,0,1.0,0
175,3,1,63,0,1.0,0
175,3,2,45,0,0.99997,0
175,3,3,10,0,0.83589,0
175,3,4,79,0,0.98606,0
175,3,5,31,1,0.13361,0
175,3,6,4,1,0.29094,0
175,3,7,47,1,0.58158,0
175,3,8,35,1,0.61491,0
175,3,9,25,0,1.0,0
175,4,0,61,0,1.0,0
175,4,1,59,0,0.99999,0
175,4,2,32,0,0.9965,0
175,4,3,93,0,1.0,0
175,4,4,19,0,0.99877,0
175,4,5,8,0,0.41005,0
175,4,6,40,0,0.67098,0
175,4,7,54,0,0.58872,0
175,4,8,82,1,0.93377,0
175,4,9,84,0,1.0,0
175,5,0,69,0,1.0,0
175,5,1,78,0,1.0,0
175,5,2,67,0,0.96101,0
175,5,3,13,0,0.92954,0
175,5,4,87,0,0.9986,0
175,5,5,98,0,0.95923,0
175,5,6,97,1,0.04311,0
175,5,7,56,0,0.5154,0
175,5,8,3,1,0.5033,0
175,5,9,1,0,1.0,0
175,6,0,27,0,1.0,0
175,6,1,46,0,0.97981,0
175,6,2,86,4,0.48025,0
175,6,3,92,0,0.71888,0
175,6,4,11,0,0.66445,0
175,6,5,81,1,0.63357,0
175,6,6,14,1,0.28011,0
175,6,7,7,1,0.45521,0
175,6,8,5,1,0.68517,0
175,6,9,51,0,1.0,0
175,7,0,70,0,1.0,0
175,7,1,0,0,0.43137,0
175,7,2,34,1,0.12828,0
175,7,3,48,1,0.62927,0
175,7,4,12,3,0.04713,0
175,7,5,23,4,0.19646,0
175,7,6,53,3,0.47907,0
175,7,7,83,3,0.99593,0
175,7,8,49,1,0.71347,0
175,7,9,44,0,1.0,0
175,8,0,91,0,1.0,0
175,8,1,29,2,0.99975,0
175,8,2,28,3,0.12791,0
175,8,3,42,1,0.95467,0
175,8,4,17,1,0.6806,0
175,8,5,33,1,0.72901,0
175,8,6,96,1,0.99995,0
175,8,7,55,4,0.58798,0
175,8,8,95,0,0.18524,0
175,8,9,30,0,1.0,0
175,9,0,62,0,1.0,0
175,9,1,20,0,1.0,0
175,9,2,15,0,1.0,0
175,9,3,66,0,1.0,0
175,9,4,85,0,1.0,0
175,9,5,2,0,1.0,0
175,9,6,94,0,1.0,0
175,9,7,65,0,1.0,0
175,9,8,22,0,1.0,0
175,9,9,60,0,1.0,0
200,0,0,47,0,1.0,0
200,0,1,81,0,1.0,0
200,0,2,94,0,1.0,0
200,0,3,74,0,1.0,0
200,0,4,50,0,1.0,0
200,0,5,76,0,1.0,0
200,0,6,43,0,1.0,0
200,0,7,56,0,1.0,0
200,0,8,73,0,1.0,0
200,0,9,11,0,1.0,0
200,1,0,37,0,1.0,0
200,1,1,59,1,0.22944,0
200,1,2,77,0,0.66526,0
200,1,3,70,0,0.9776,0
200,1,4,30,0,0.96136,0
200,1,5,78,0,1.0,0
200,1,6,9,0,0.88511,0
200,1,7,22,0,0.99997,0
200,1,8,68,0,1.0,0
200,1,9,39,0,1.0,0
200,2,0,75,0,1.0,0
200,2,1,72,1,0.99993,0
200,2,2,69,0,0.60439,0
200,2,3,86,0,1.0,0
200,2,4,13,0,0.78673,0
200,2,5,46,0,1.0,0
200,2,6,20,0,0.99443,0
200,2,7,49,0,1.0,0
200,2,8,8,0,0.75105,0
200,2,9,48,0,1.0,0
200,3,0,41,0,1.0,0
200,3,1,51,1,0.43442,0
200,3,2,55,1,0.43234,0
200,3,3,27,0,0.76712,0
200,3,4,89,0,1.0,0
200,3,5,29,0,0.99859,0
200,3,6,60,0,1.0,0
200,3,7,58,0,1.0,0
200,3,8,21,0,0.9824,0
200,3,9,65,0,1.0,0
200,4,0,63,0,1.0,0
200,4,1,62,1,0.90334,0
200,4,2,36,4,0.07334,0
200,4,3,40,0,0.75842,0
200,4,4,93,0,1.0,0
200,4,5,33,0,0.99311,0
200,4,6,35,0,0.99177,0
200,4,7,3,0,0.38879,0
200,4,8,61,0,0.99999,0
200,4,9,79,0,1.0,0
200,5,0,34,0,1.0,0
200,5,1,91,1,0.99804,0
200,5,2,57,3,0.31279,0
200,5,3,44,0,0.84786,0
200,5,4,14,0,0.84903,0
200,5,5,4,0,0.55963,0
200,5,6,84,0,0.9946,0
200,5,7,64,0,0.98537,0
200,5,8,97,0,1.0,0
200,5,9,24,0,1.0,0
200,6,0,28,0,1.0,0
200,6,1,25,1,0.63837,0
200,6,2,67,4,0.13895,0
200,6,3,45,1,0.24582,0
200,6,4,32,0,0.81187,0
200,6,5,6,0,0.6669,0
200,6,6,90,0,0.97937,0
200,6,7,92,0,0.97208,0
200,6,8,38,0,0.96869,0
200,6,9,71,0,1.0,0
200,7,0,19,0,1.0,0
200,7,1,12,1,0.48548,0
200,7,2,99,3,1.0,0
200,7,3,42,3,0.12315,0
200,7,4,85,0,0.78937,0
200,7,5,54,1,0.50516,0
200,7,6,95,1,0.72259,0
200,7,7,0,1,0.28186,0
200,7,8,31,0,0.43695,0
200,7,9,80,0,1.0,0
200,8,0,16,0,1.0,0
200,8,1,18,4,0.40017,0
200,8,2,52,1,0.69136,0
200,8,3,7,3,0.03738,0
200,8,4,87,1,0.99995,0
200,8,5,15,1,0.56801,0
200,8,6,5,1,0.66141,0
200,8,7,66,4,0.35213,0
200,8,8,53,2,0.041,0
200,8,9,98,0,1.0,0
200,9,0,82,0,1.0,0
200,9,1,1,0,1.0,0
200,9,2,17,0,1.0,0
200,9,3,2,0,1.0,0
200,9,4,83,0,1.0,0
200,9,5,10,0,1.0,0
200,9,6,88,0,1.0,0
200,9,7,23,0,1.0,0
200,9,8,26,0,1.0,0
200,9,9,96,0,1.0,0
